step	bar
0	14.246491304150329
1	13.676121322931516
2	12.675033970402165
3	11.349606517314381
4	10.625722851344346
5	9.38441901823921
6	8.289251060048887
7	7.820458493391854
8	6.7418429188065545
9	5.812010329711271
10	4.572294351591324
11	3.3708413713103873
12	2.7176892150250946
13	1.6118266376000232
14	0.7330435311919778
