step	foo
0	0.9204456952558161
1	1.4472397486009725
2	2.4284002806323883
3	3.4874673216976926
4	4.856195923620892
5	5.7426163183545835
6	6.984583968196321
7	7.145423580246047
8	8.447790477402597
9	9.616494362058678
10	10.113968331738162
11	11.223252524127503
12	12.196852412586802
13	13.01169916995075
14	14.74329784241557
