step	bar
0	4.579217136538628
1	3.489228110171496
2	2.117435221903465
3	1.9943396251766616
4	0.14713955464224338
