step	foo
0	0.26311336783725303
1	1.6194693156456714
2	2.0213613438002493
3	3.105219077853029
4	4.03263783741643
