{
    "foo": 4.03263783741643,
    "bar": 0.14713955464224338,
    "step": 4
}
