{
    "foo": 14.74329784241557,
    "bar": 0.7330435311919778,
    "step": 14
}
