{
<<<<<<< Updated upstream
    "foo": 9.584848092352757,
    "bar": 0.24732216839811372,
    "step": 9
=======
    "foo": 72.81756052361803,
    "bar": 27.70171743187474,
    "step": 72
>>>>>>> Stashed changes
}
